,week,train_extrapol_rmse,test_extrapol_rmse
0,8,0.5820892637316623,4.868196208325194
1,9,0.7678178558077362,5.208512806806011
2,10,0.9101199294718025,5.274383736209935
