,week,train_extrapol_rmse,test_extrapol_rmse
0,8,0.5981640657891396,4.602328188844156
1,9,0.7646027900543583,5.126976925335294
2,10,0.9034399849010321,5.524453625398377
