,week,train_recon_rmse,test_recon_rmse
0,1,0.9401909268976182,1.686897209483371
1,2,0.9128714522707898,1.6630567313637454
2,3,0.9120351413799129,1.6641532976906053
3,4,0.9260870031238055,1.6968813391392252
