,week,train_extrapol_rmse,test_extrapol_rmse
0,8,0.874154972443248,8.518177688090525
1,9,0.9695391314170603,9.253403229946665
2,10,1.1075645908733274,8.862134984528657
