,week,train_extrapol_rmse,test_extrapol_rmse
0,5,0.9398752667290395,1.7113442521207247
1,6,0.9423190263716599,1.7240901297343936
