,week,train_extrapol_rmse,test_extrapol_rmse
0,8,0.259930620071681,22.052512674731485
1,9,0.3035805546630584,22.667998554208893
2,10,0.34605566214146505,23.037997415838486
