,week,train_recon_rmse,test_recon_rmse
0,1,0.7833825813086093,34.11971245524115
1,2,0.5967588177025044,34.084418164130554
2,3,0.561621581741305,34.815273529664466
3,4,0.5295761503430394,36.45761102510295
4,5,0.5206510914209326,38.65903036926298
5,6,0.544779460192979,41.25999290181518
6,7,0.5315505432874053,44.11052116464225
