,week,train_extrapol_rmse,test_extrapol_rmse
0,8,0.6987873896275378,46.98291756142914
1,9,0.9101754946931941,49.576397507636685
2,10,1.105224160196809,51.74224509540907
